здесь можно бесплатно скачивать платные игры для смартфонов,8
"канал с необычными женскими штучками, вещами и аксессурами, которые можно заказать из интернета",8
"канал, который каждый день присылает рандомные задания",7
"этот сайт подсказывает, испортился ли выбранный продукт, и можно ли его употребить",8
генератор никнеймов,1
с помощью этого бота можно находить и скачивать электронные книги и аудиокниги,8
вся статистика интернета на одной странице,8
бот для скачивания видео из тиктока без водяных знаков по краям,8
этот сайт рассчитывает смертельную дозу кофе по весу человека,7
"канал о музыке вне рамок, на котором можно разнообразить свой рацион новыми музыкальными блюдами с мультижанрового стола",8
"здесь можно узнать, не работает ли конкретный сайт из-за плохого соединения пользователя или так у всех его посетителей",8
бот для анонимного и лампового общения с реальными людьми в телеграме. Без комнат и ожидания собеседника.,7
"здесь можно проверить, была ли взломана электронная почта",6
"генератор паролей, наиболее сложных для взлома",6
"здесь можно найти человека, выложившего самый первый твит, из какой-то вирусной цепочки",7
мир глазами музейных экспонатов,4
"тут пользователи выбирают кадр из фильма, а создатели сайта воссоздают его из картона",8
через этот сайт можно связать все свои аккаунты в социальных сетях,8
"канал с полезными чеклистами, подкастами и упражнениями на эффективность",4
"здесь собрано 5500 родников, ключей и источников по всей России",4
этот сайт возвращает деньги за покупки в интернет-магазинах в виде кэшбека и платит 200 рублей за регистрацию,8
"сайт, помогающий с выбором наиболее подходящего места в самолете",8
этот сайт определяет почтовый адрес текущего местоположения пользователя,8
этот сайт позволяет пользователю создать собственный шрифт со своим почерком,8
"этот бот каждый день присылает короткие сообщения с Марса, получаемые из данных от посадочного зонда InSight и марсохода Curiosity",7
"каталог текстовых символов, которых нет на клавиатуре",6
этот сайт определяет IP-адрес пользователя,8
"канал с необычными и странными товарами, которые можно заказать в интернете",8
здесь можно выяснить особенности климата в конкретном городе,4
"тут можно создать собственную онлайн-карту, выбирая подписи, изображения и свои названия мест",8
"странный сайт, отправляющий на другие странные сайты",8
"автор этого канала делает своеобразные обзоры на кино, сериалы и игры",8
бот для создания временной электронной почты в один клик,8
статистика всего интернета онлайн,8
"сайт, который решит любой пример",8
библиотека различных символов,6
генератор QR-кодов онлайн,5
список рецептов японской кухни,4
самый бессмысленный сайт на канале,8
"посмотри, как выглядит google в 1998",2
поток ветра на планете земля,1
игральные кости онлайн,5
генератор отмазок онлайн,5
какой сегодня праздник?,2
печатный текст в рукописный,3
"место на карте, которое ты нарисуешь",4
"во сколько лечь спать, чтобы выспаться",2
"список вещей, которые тебя бесят",4
изменения голоса онлайн,5
"узнай, сколько секунд ты жил",4
3 сайта nasa с фотографиями марса,6
"сайт, который подберет книгу",8
самоуничтожающаяся записка,2
песня на твой день рождения,2
набор советской мультимедии,3
трансляции видов из окон,4
исторические фото на карте,4
сколько животных идет на еду онлайн,7
популярность слов в рэпе,3
землятрясения онлайн,5
узнай длительность сериалов,7
поставь свое фото на купюре,4
сайт угадает твой возраст,6
модное интро за 5 минут,2
скачать видео из youtube,5
фильмы синхронно,3
сайт проверка на грамматику,6
5 способов открыть вино в условиях критического отсутствия штопора,4
"Защитник пароля подскажет, когда вы вводите пароль на фальшивых страницах ",6
Сколько пользователей в интернете? Сколько постов за сегодня в инстаграме?,8
Кастом классических моделей автомобилей 1970-х,6
Годный симулятор вождения авто прямиком в браузере,6
Революция Кукурузы,1
Приложение по поиску скидок в продуктовых (и не только!) магазинах,8
Пранк над другом,3
Переводчик в расширениях,3
Органайзер в браузере,5
Тёмная тема для браузера,6
Надоели обычные (скучные) карты ?,4
Изменить курсор в браузере благодаря этой,6
Не можете выразить себя текстовыми символами на клавиатуре,6
Создаём свой шрифт для ворда,3
Телеграм бот уведомляет о новых сериях любимого сериала ,7
Сайт определит ваш почтовый индекс,8
Бот присылает лайфхаки ,2
Бот шеф повар,2
На ЭТОМ сайте можно решать математические уравнения,6
Многие играли в S.T.A.L.K.E.R. Но не многие были на экскурсии в Чернобыле ,4
Мем-Машина,4
А это расширение сделает ваши колонки ещё громче,4
"Узнайте, что завтра у вас в ретроградном меркурии под северным сиянием голубой венеры ",4
"При помощи этого расширения, можно отслеживать посылки без переходов на сайты почтовых компаний.",8
"AliRadar - находит похожие товары, показывает историю цен и надежность продавца.",7
Сайт с прямой трансляцией из 23 зоопарков,6
Бот присылает выжимку из развивающих книг,4
Нужно быстро сконвертировать видео в гифку не покидая телеграм?,7
Вот ссылка на канал со скидками на клевые модели кроссовок,8
Классика мемологии,3
На этом сайте есть карта со всеми инцидентами в МИРЕ,8
"Вот бот, который скажет: """"Сегодня стоит намыть свою машину"""" опираясь на погоду в вашем городе",4
